Moisture,Temparature,Humidity,soil temperature
71,0,0,0
70,30.5,20,28.38
70,30.9,20,28.06
70,30.4,20,27.87
69,30.3,20,27.69
70,30.1,20,27.44
69,30.1,20,27.25
69,30,20,27.06
69,30,20,26.87
69,30.2,20,26.75
69,30.2,20,26.56
69,30.1,20,26.37
71,30.2,20,26.25
69,30.4,20,25.75
72,30.2,20,25.37
73,30.2,20,25.12
75,30.2,20,25
76,30.3,24.1,24.81
78,30.3,24.6,24.69
79,30.2,25.1,24.56
79,30.3,25.2,24.44
79,30.3,25.6,24.37
77,30.2,26.3,24.25
77,30.2,27,24.12
77,30.3,27.3,24.06
77,30,28.1,24
76,30,28.6,23.94
76,30.1,29.2,23.87
76,30.2,29.9,23.81
76,30.2,30.6,23.75
76,30,31.9,23.69
75,29.8,32.8,23.62
74,29.6,33.8,23.62
72,29.8,33.8,23.62
72,29.8,33.9,23.56
71,29.7,34.3,23.56
71,29.7,34.6,23.56
71,29.5,35,23.5
71,29.6,35,23.44
71,29.6,35.1,23.44
71,29.5,35.2,23.44
70,29.5,35.6,23.44
70,29.5,35.3,23.31
70,29.4,35.3,23.31
70,29.4,35.2,23.31
69,29.4,35.4,23.38
69,29.5,35.2,23.31
69,29.6,35.4,23.31
69,29.4,35.5,23.25
69,29.4,35.9,23.19
69,29.4,36,23.19
69,29.3,36.3,23.12
68,29.2,36.6,23.12
68,29.2,36.6,23.12
67,29.2,36.7,23.31
67,29.4,36.6,23.31
67,29.7,36.1,23.25
67,29.8,35.8,23.25
67,29.7,35.9,23.31
67,29.7,35.7,23.19
67,29.8,35.4,23.25
67,29.8,35.4,23.25
67,29.8,35.3,23.25
66,29.3,36.1,23.25
66,29.3,36.3,23.25
66,29.6,35.9,23.25
66,29.6,35.8,23.25
66,29.6,35.7,23.19
66,29.6,35.7,23.25
66,29.6,35.6,23.25
66,29.6,35.8,23.19
66,29.6,35.7,23.25
66,29.6,35.8,23.19
65,29.6,35.8,23.19
65,29.6,35.7,23.19
65,29.5,35.8,23.19
65,29.5,35.8,23.19
65,29.5,35.9,23.12
65,29.5,36,23.12
65,29.5,36.1,23.19
65,29.5,36.2,23.12
64,29.5,36.2,23.19
64,29.6,35.8,23.19
64,29.5,35.7,23.12
64,29.5,35.7,23.19
64,29.4,35.5,23.12
64,29.4,35.3,23.06
64,29.4,35,23.12
64,29.4,34.8,23.06
64,29.3,34.7,23.12
64,29.2,34.7,23.06
63,29.1,34.6,23.12
63,29.1,34.5,23.06
63,29.1,34.3,23.06
63,29.2,34.3,23.06
63,29.3,34.3,23
63,29.2,34.5,23.06
63,29.2,34.6,23
63,29,34.6,23.06
63,29,34.7,23
63,29,34.8,23
63,29,34.8,23
62,29,34.9,22.94
62,29.1,35.1,22.94
62,29,35.4,23
62,29.1,35.8,23
62,29,36.1,23
62,29,36.6,23
62,29,36.9,23
61,28.9,37.2,23
61,28.8,37.5,22.94
61,28.8,37.6,23
61,28.8,37.8,23
61,28.8,38,23
61,28.8,38.2,22.94
61,28.7,38.4,22.94
61,28.7,38.4,23
60,28.7,38.4,23
60,28.7,38.2,22.94
60,28.7,38.2,22.94
60,28.7,38.2,22.94
60,28.7,38.2,22.94
60,28.7,38.3,22.87
61,28.6,38.3,22.87
60,28.6,38.2,22.94
60,28.6,38.1,22.87
59,28.6,38.1,22.87
60,28.5,38.2,22.87
59,28.6,38.1,22.87
59,28.5,38,22.87
59,28.5,38,22.81
59,28.5,37.9,22.87
59,28.5,37.9,22.81
59,28.5,37.8,22.81
59,28.5,37.8,22.81
59,28.5,37.7,22.81
59,28.5,37.6,22.81
59,28.4,37.6,22.75
59,28.4,37.5,22.75
59,28.4,37.5,22.75
59,28.4,37.4,22.75
59,28.4,37.4,22.81
59,28.2,37.5,22.69
59,28.2,37.4,22.75
58,28.1,37.4,22.69
58,28.1,37.2,22.62
58,28.2,37.2,22.69
58,28.2,37.2,22.62
57,28.2,37.3,22.62
58,28.2,37.3,22.69
58,28.1,37.3,22.62
58,28,37.4,22.69
58,28,37.5,22.62
57,28,37.5,22.69
58,27.9,37.6,22.62
58,28,37.4,22.62
58,28,37.4,22.69
58,27.8,37.4,22.75
59,27.4,37.9,22.75
58,27.3,38.1,22.87
58,27.5,37.2,22.94
57,27.3,37.5,23
57,27.6,37.2,23.06
58,27.9,36.7,23.19
57,28.2,36.7,23.25
58,28.2,37,23.38
57,28.1,36.5,23.44
57,27.6,37.8,23.5
57,28,37.3,23.56
57,27.7,37.9,23.56
57,28,37.6,23.69
57,28.1,37.4,23.69
57,28,37.5,23.69
57,28.1,37.3,23.75
56,28.1,37.4,23.81
56,28.1,37.5,23.87
57,28.1,37.4,23.81
57,28.2,37.2,23.87
59,28.3,37.1,24
58,28.4,37.5,23.94
58,28.4,36.9,23.87
56,28.3,37.8,23.75
56,28.4,37.7,23.75
55,28,36.5,23.75
55,29,34.7,23.75
55,28.7,34.5,23.81
56,28.8,34.2,23.87
56,29.2,33.1,23.94
55,29.2,34.1,24.06
56,28.6,34.1,24.06
57,29.5,30.7,24.12
57,32.1,27.8,24.06
57,31,28.1,24.12
58,29.5,31,24.12
57,29.3,31.1,24.12
57,29,30.5,24.12
57,29,31.7,24.19
57,28.9,31.6,24.19
57,28.8,29.9,24.19
57,28.8,30.2,24.25
56,28.7,31.1,24.19
57,28.8,30.1,24.19
56,28.9,30.3,24.31
56,28.9,30.4,24.25
56,29.1,30.8,24.31
56,29.1,30.7,24.31
55,29.1,30.2,24.31
55,29.1,28.7,24.31
56,29.3,27.2,24.31
57,29.1,29.2,24.37
56,29.1,28.9,24.37
55,29.2,28.8,24.44
55,29.1,29.2,24.37
55,29.2,28.8,24.44
56,29.2,27.9,24.5
55,29.1,27.8,24.44
55,29.2,26.9,24.44
55,29.2,26.8,24.44
55,29.4,26.2,24.5
59,0,0,0
57,28.2,27.2,25.31
56,29.2,28.6,25.31
56,29.5,28.2,25.25
56,29.6,27.7,25.25
57,29.7,27.3,25.19
57,29.8,27.1,25.12
57,29.9,27.3,25.06
57,29.9,27.5,25
57,30,27.4,25
57,29.8,27.9,24.94
57,29.8,28,25
57,29.9,28.2,24.94
57,30,29.1,24.94
57,29.9,29.4,25
57,30,29.6,25
57,30,29.8,25
57,30,31.2,24.94
57,29.9,32.5,25
57,30,31.7,25.06
57,30,31.8,25.06
57,29.9,32.2,25.06
58,0,0,0
57,29.6,34.1,24.69
57,29.6,34.4,24.56
64,0,0,0
66,29.3,35.4,24.31
66,29.3,35.5,24.31
67,29.5,35.2,24.25
67,29.5,35.4,24.06
67,29.5,35.7,24
67,29.6,35.9,23.94
67,29.4,37,23.81
66,29.1,37.9,23.81
66,29.1,38.3,23.69
66,29.1,38.7,23.62
66,29.1,39.1,23.56
66,28.9,39.6,23.56
66,28.9,40.1,23.56
66,28.9,40.6,23.56
65,29,40.8,23.5
65,28.9,41.2,23.5
65,28.8,41.8,23.44
65,28.9,42.2,23.44
65,29,42.2,23.44
65,28.8,42.7,23.44
65,28.9,43,23.44
64,28.9,43.9,23.44
64,29.1,43.8,23.56
64,29.6,42.8,23.62
64,29.6,42.8,23.75
64,29.3,43.7,23.87
64,29.1,44.7,23.94
64,29.2,44.6,24.06
64,29.2,44.9,24.12
63,29,45.3,24.25
63,28.6,46.4,24.25
63,28.6,46.4,24.31
63,28.8,46.3,24.25
62,28.8,46.4,24.19
62,28.7,46.7,24.12
62,28.7,46.9,24.06
62,28.7,46.9,24
62,28.9,46.6,23.94
62,28.9,46.3,23.81
62,28.8,46.1,23.81
62,28.9,46,23.81
61,28.9,46.2,23.81
61,28.9,46.4,23.69
61,28.9,46.3,23.69
61,28.7,46.6,23.62
61,28.7,46.8,23.62
61,28.7,47,23.56
61,28.7,47.1,23.62
61,28.8,46.9,23.5
60,28.8,46.8,23.56
60,28.9,46.8,23.56
60,28.8,47,23.56
60,29.1,46.6,23.56
59,29.3,46.1,23.62
59,29,46.8,23.56
59,29.2,46.6,23.56
59,28.9,47.3,23.56
59,29,47.4,23.56
59,28.8,47.9,23.56
59,28.9,47.9,23.56
59,29,47.7,23.56
59,29,47.7,23.56
59,28.9,48,23.56
59,28.7,48.7,23.56
59,28.6,49.2,23.62
59,28.9,47.9,23.62
59,29.1,47.5,23.62
59,29.1,47.2,23.56
59,28.9,47.6,23.62
59,28.7,48,23.62
59,29.1,47.2,23.62
59,29.1,47,23.62
59,29.1,46.8,23.62
60,28.7,48.3,23.62
60,29,47.6,23.62
59,28.9,47.8,23.56
59,28.9,47.7,23.56
59,28.9,47.6,23.62
59,28.9,47.6,23.56
59,28.9,47.5,23.62
59,28.7,47.6,23.62
58,28.8,47.5,23.62
59,28.7,47.6,23.62
59,28.7,47.6,23.56
58,28.7,47.6,23.62
59,28.7,47.7,23.69
58,28.7,47.7,23.62
59,28.7,47.7,23.69
59,28.7,47.7,23.69
59,28.7,47.8,23.62
58,28.6,47.9,23.62
58,28.7,47.8,23.62
58,28.7,47.8,23.62
58,28.6,47.8,23.69
58,28.6,48.1,23.62
58,28.5,48.1,23.62
58,28.6,48.1,23.69
58,28.6,48,23.62
58,28.6,47.9,23.62
58,28.5,47.9,23.62
58,28.5,47.9,23.62
58,28.5,47.8,23.62
58,28.5,47.7,23.62
58,28.5,47.6,23.62
58,28.4,47.7,23.56
58,28.3,47.7,23.62
58,28.3,47.7,23.56
58,28.3,47.8,23.62
58,28.4,47.8,23.56
57,28.3,48,23.62
57,28.3,48.1,23.56
57,28.4,48.1,23.56
57,28.1,48.4,23.56
57,28.1,48.4,23.5
57,28.1,48.4,23.5
57,28.2,48.2,23.5
57,28.2,48,23.5
57,28.2,48,23.5
57,28.1,48.2,23.44
57,28,48.3,23.44
57,28,48.3,23.44
57,28.1,48.1,23.44
57,28,48.1,23.44
57,28.1,48,23.44
57,28.1,48,23.44
57,28,47.9,23.44
57,27.9,48,23.38
57,27.8,48.1,23.31
57,27.9,48,23.31
57,27.8,47.9,23.38
57,27.8,47.8,23.31
57,27.8,47.8,23.31
57,27.8,47.8,23.31
57,27.8,47.8,23.31
57,27.8,47.7,23.25
57,27.8,47.7,23.31
57,27.8,47.7,23.31
57,27.9,47.7,23.31
57,27.9,47.7,23.25
57,27.8,47.7,23.25
57,27.8,47.7,23.25
57,27.8,47.8,23.25
56,27.6,48,23.25
57,27.6,48,23.25
57,27.6,47.9,23.25
57,27.5,47.8,23.19
57,27.6,47.8,23.31
57,27.6,47.8,23.31
57,27.6,47.9,23.31
57,27.5,47.9,23.25
57,27.5,48,23.25
57,27.5,48,23.25
56,27.5,48.2,23.25
56,27.5,48.3,23.25
57,27.5,48.5,23.25
56,27.4,48.8,23.31
56,27.5,48.7,23.25
56,27.5,48.8,23.31
56,27.5,48.7,23.31
56,27.5,48.6,23.25
56,27.5,48.6,23.19
56,27.4,48.7,23.19
56,27.5,48.5,23.19
56,27.4,48.7,23.25
56,27.3,48.9,23.31
56,27.4,49.1,23.25
57,27.3,49.3,23.25
57,27.4,49.4,23.31
56,27.4,49.7,23.31
56,27.5,49.6,23.31
56,27.5,49.6,23.31
57,27.5,49.8,23.38
57,27.6,49.4,23.38
57,27.7,49.4,23.44
57,27.7,49.3,23.56
57,27.8,49.3,23.69
57,27.9,49.3,23.75
57,28,48.8,23.81
57,27.9,48.9,23.87
57,27.9,48.9,23.94
57,28,48.7,23.94
57,28.1,48.8,24.06
63,28.1,48.8,24.12
62,28.4,47.5,24.25
62,28.1,48.1,24.44
63,28.1,48.3,24.5
64,28.3,48.1,24.63
64,28.7,46.8,24.69
65,28.4,47.4,24.63
65,28.6,46.7,24.69
65,29.4,45,24.63
65,28.5,49.2,24.44
65,27.5,49.8,24.31
65,27.4,48.9,24.12
65,28,45.8,24.06
60,0,0,0
58,27.8,40.4,24.75
58,28.4,41.7,24.81
58,28.3,41.5,24.81
58,28.2,41.1,24.75
58,28.1,41.8,24.81
58,28.2,41.6,24.75
58,28.3,42.4,24.56
58,28.4,42.5,24.5
58,28.2,42.7,24.31
58,28.3,42.4,24.19
58,28.4,42.1,24.06
58,28.4,42,23.87
58,28.5,41.8,23.75
58,28.6,41.9,23.69
58,28.6,42.1,23.56
58,28.6,42.2,23.5
59,28.6,42.2,23.44
59,28.6,42.2,23.38
59,28.6,42.2,23.31
58,28.5,42.1,23.19
58,28.4,42.3,23.19
58,28.4,42.1,23.12
58,28.4,42.1,23.06
58,28.4,41.9,23.06
58,28.4,41.7,23
58,28.3,41.4,22.94
58,28.3,41.3,22.94
58,28.3,41.2,22.87
58,28.2,41.1,22.81
58,28.2,41.1,22.81
58,28.1,40.9,22.75
58,28.2,40.7,22.75
57,28.2,40.6,22.75
57,28.2,40.4,22.69
57,28.2,40.2,22.62
57,28.1,39.9,22.62
57,28.1,39.7,22.56
57,28.1,39.6,22.56
57,28.1,39.6,22.56
57,28,39.6,22.5
58,28,39.5,22.5
57,28,39.4,22.44
57,27.9,39.4,22.44
57,27.9,39.4,22.44
57,27.8,39.3,22.37
57,27.9,39.2,22.44
57,27.8,39.3,22.37
58,27.9,39.3,22.31
58,27.9,39.3,22.25
57,27.9,39.1,22.25
57,27.9,38.8,22.31
57,27.9,38.5,22.25
57,27.8,38.4,22.25
58,27.8,38.1,22.19
57,27.8,37.9,22.13
58,27.7,37.7,22.19
58,27.6,37.5,22.19
58,27.6,37.3,22.13
58,27.5,37,22.06
59,27.6,36.9,22.13
59,27.5,36.8,22.13
59,27.6,36.6,22.06
59,27.5,36.4,22.06
59,27.6,36.2,22
59,27.5,36.1,22
59,27.5,35.9,22.06
59,27.5,35.7,22.06
59,27.5,35.6,22.06
59,27.5,35.4,22.06
59,27.4,35.4,22
59,27.3,35.3,22
59,27.3,35.2,22
59,27.3,35.1,22
59,27.3,35,21.94
60,27.3,35,21.94
60,27.3,35,21.94
60,27.4,35.1,21.94
60,27.3,35.3,22
60,27.2,35.4,21.94
60,27.2,35.4,22.06
60,27.2,35.6,22
60,27.1,35.8,22.06
60,27.1,36,22.06
61,27.2,36.1,22.13
61,27.2,36.2,22.13
61,27.2,36.2,22.13
61,27.2,36.3,22.13
62,27.2,36.5,22.13
61,27.1,36.5,22.13
61,27.1,36.5,22.19
62,27.1,36.4,22.19
62,27.1,36.4,22.13
62,27.1,36.3,22.13
62,27,36.3,22.13
61,27,36.3,22.13
61,27,36.3,22.19
61,27,36.4,22.19
62,27,36.5,22.13
61,27.1,36.5,22.19
62,27.8,34.5,22.31
62,28.1,33.6,22.37
62,27.8,33.8,22.44
62,27.3,34.6,22.56
62,27.2,35.1,22.62
61,27.2,35.1,22.69
61,27.2,35.3,22.75
61,27.2,35.3,22.75
61,27.2,35.4,22.81
61,27,35.4,22.87
61,27.1,35.5,22.87
62,27.1,35.5,22.94
61,27.2,35.3,22.94
61,27.5,35.1,23
62,27.1,35.3,23.06
66,26.8,35.5,23.06
60,27.3,35,23.12
59,27.5,35.8,23.31
59,27.5,34.6,23.38
59,27.6,35.5,23.44
60,27.4,34.5,23.38
60,27.6,35.9,23.38
61,27.7,36.1,23.38
61,27.9,34.6,23.31
61,27.8,33.2,23.31
61,27.6,33.4,23.31
61,27.6,33.6,23.31
61,27.6,34.1,23.31
62,27.8,32.7,23.31
61,27.8,33.9,23.31
61,27.8,33,23.31
61,27.8,32.6,23.31
62,27.8,32.3,23.25
62,27.7,32.2,23.25
62,27.7,31.9,23.25
62,27.8,31.1,23.25
62,27.8,30.1,23.19
61,27.4,31.9,23.06
61,27.3,32.9,23
61,27.6,30.6,22.87
61,27.3,28.2,22.87
61,27.6,27.9,22.81
61,27.6,29.2,22.81
61,27.8,28.6,22.87
61,27.7,27.3,22.87
61,27.8,27.5,22.87
62,27.9,28.3,22.87
62,28,28.3,22.94
62,27.6,25.2,22.94
62,27.7,26.8,22.94
62,27.8,26.1,23
62,27.8,27.3,23
62,27.8,26.8,23
62,28,26.4,23
62,28.1,26.6,23.06
62,28.2,26.8,23
62,28.1,26.8,23
62,28.1,28.3,23
62,28,27.1,23
62,28.1,26.7,23.06
62,28.3,26.5,23.12
62,28.3,26.1,23.12
62,28.2,25.6,23.12
61,28.1,20,23.12
62,28.2,25.7,23.12
62,28.3,20,23.12
61,28.2,25.1,23.19
61,28.3,20,23.12
61,28.3,20,23.19
61,28.4,20,23.25
61,28.4,20,23.19
61,28.1,20,23.19
61,28.2,20,23.19
61,28.3,20,23.19
61,28.3,20,23.25
61,28.3,20,23.25
61,28.3,20,23.19
61,28.3,20,23.25
61,28.3,20,23.25
61,28.4,20,23.25
61,28.4,20,23.25
61,28.5,20,23.25
61,28.7,20,23.31
61,28.7,20,23.31
61,28.7,20,23.38
61,28.7,20,23.31
60,28.7,20,23.31
60,28.6,20,23.25
60,28.3,20,23
60,28,20,22.81
60,28.2,20,22.62
60,28.2,20,22.44
60,28.4,20,22.31
60,28.3,20,22.13
60,28.4,32.7,21.94
60,28.3,39.3,21.81
60,28.5,26.4,21.69
60,28.5,26.4,21.56
60,28.5,26.4,21.44
60,28.5,31.1,21.37
60,28.6,31.1,21.31
60,28.6,42.8,21.25
60,28.6,20,21.19
60,28.7,20,21.19
60,28.7,48.7,21.12
60,28.5,20,21.06
60,28.6,20,21.06
60,28.6,20,21.06
60,28.7,20,21.06
60,28.7,20,21.06
60,28.7,20,20.94
60,28.6,20,21
59,0,0,0
60,29,20,21.06
60,28.9,20,21.06
60,28.7,20,21.06
60,28.8,20,21.06
61,28.7,20,21.06
61,28.8,20,21.06
61,29.1,20,21.19
61,29.2,20,21.31
61,29.1,20,21.5
61,29.1,20,21.56
61,29.2,20,21.69
61,29.2,20,21.81
61,29.2,20,21.94
61,29.2,20,22.06
61,29.2,20,22.13
61,29,20,22.31
61,29,24.9,22.37
61,29.1,24.7,22.5
61,29.1,27,22.62
61,29.1,26.8,22.69
61,29.2,26.4,22.75
61,29.1,27.2,22.81
61,29.1,27.2,22.94
61,29.1,25.8,23
61,29,27.7,23
61,29,27.9,23.06
61,28.8,27.5,23.19
61,28.9,26.3,23.19
61,29.1,27,23.25
61,29.1,26.9,23.38
61,0,0,0
61,29.1,26,23.44
61,29.3,26.7,23.5
61,29.2,27,23.56
60,29.2,26.8,23.5
61,29.2,27.3,23.56
61,29.1,27.8,23.62
60,29,28,23.62
60,29.1,28.3,23.69
60,29,29,23.75
60,29.1,29.5,23.81
60,29.2,30,23.81
60,29.2,31.3,23.87
60,29.2,31.4,23.87
60,29.2,31.9,23.87
60,29,32.1,23.94
60,29,33,24
60,29,33.4,24
60,29,34.1,24
60,29,34.7,24.06
60,28.9,35.2,24.06
60,28.9,36.1,24.19
60,29,36.5,24.19
60,29.2,36.8,24.19
60,29.1,37.5,24.25
60,29,37.9,24.19
60,29.1,37.9,24.25
60,29,38.4,24.31
60,29,38.6,24.31
60,29,39.1,24.31
60,28.8,39.5,24.37
60,28.7,39.8,24.44
60,28.8,39.5,24.44
60,28.8,39.5,24.44
60,28.7,39.2,24.44
60,28.6,39,24.44
60,28.9,38.8,24.5
61,28.8,38.8,24.5
60,28.8,39.8,24.5
60,28.7,39.6,24.56
60,28.7,39.9,24.56
60,28.7,39.1,24.56
60,28.8,38.6,24.56
60,28.9,38.2,24.56
60,29,36.9,24.56
60,28.3,37.7,24.63
60,28.4,37.3,24.63
60,28.2,37.4,24.56
60,27.9,36.9,24.63
60,28.2,36,24.63
60,28.2,35.5,24.63
60,27.9,35.4,24.63
60,28.1,35.1,24.56
60,27.9,35.6,24.63
60,27.9,35.9,24.63
60,28.1,35.7,24.63
60,28,35.9,24.63
60,28.6,35,24.56
60,28.6,35,24.56
60,28.2,35.8,24.63
60,28.3,35.6,24.63
60,27.9,36.2,24.63
60,28,35.6,24.56
59,28,35.6,24.63
59,27.8,36.3,24.56
59,27.9,35.8,24.56
59,28,35.5,24.56
59,27.8,35.8,24.56
59,27.5,36,24.56
59,27.3,36.5,24.5
59,28,34.8,24.5
59,28,34.8,24.5
59,26.8,36.7,24.5
59,26.9,36.8,24.5
59,26.7,36.6,24.44
59,26.7,36.9,24.44
59,27.4,35.7,24.44
59,27.8,34.6,24.44
59,28.1,34.3,24.37
59,28.2,34.2,24.37
59,28,34.5,24.37
59,27.9,34.7,24.44
59,27.6,35.4,24.37
59,27.5,35,24.37
59,27.8,34.6,24.44
59,27.1,35.7,24.37
59,26.1,38,24.37
59,27.3,36.2,24.31
59,27.3,36,24.31
59,27,36.7,24.19
59,25.9,39.3,24.25
59,27.2,37.2,24.25
59,27.8,36,24.25
59,27.8,36,24.25
59,26.9,37.9,24.19
59,26.6,38.3,24.19
59,27.1,37.8,24.25
59,27.2,37.7,24.19
59,27.2,37.9,24.19
59,27.4,37.8,24.19
59,26.9,38.7,24.19
59,25.8,41.4,24.12
59,25.8,41.9,24.12
59,26,41.6,24.12
59,26.5,40.8,24.12
59,27.4,39,24.12
59,26.3,40.8,24.06
59,25.9,41.7,24.06
59,26.7,40.3,24
59,27.2,39.4,24.06
59,26.6,40.8,24
59,27.2,39.9,24.06
59,27.1,39.9,24
59,27.2,39.8,24
59,27.1,39.9,24
59,27.2,39.9,24
59,27.2,39.9,24
59,27.1,40.2,24
59,27.1,40.3,24
59,27.2,40.3,23.94
59,27.3,40.1,23.94
59,27,40.6,23.94
59,26.9,40.8,23.94
59,26.9,40.6,23.94
59,26.9,40.5,23.87
59,27.2,40,23.94
59,27,40.2,23.87
59,26.9,40.6,23.81
59,26.8,40.6,23.81
59,26.9,40.5,23.75
59,26.8,40.6,23.81
59,26.7,41,23.75
59,26.7,40.8,23.75
59,26.6,40.9,23.75
59,26.7,40.6,23.75
59,26.6,40.7,23.69
59,26.6,40.7,23.62
59,26.6,40.7,23.69
59,26.8,40.5,23.69
59,26.8,40.3,23.62
59,26.8,40.2,23.69
59,26.7,40.5,23.56
59,26.4,41,23.56
59,26.6,40.4,23.56
59,26.4,41.2,23.56
59,25,43.7,23.56
59,25.6,43,23.5
59,25.3,43.4,23.5
59,25.5,43.3,23.5
59,26.1,42.2,23.44
59,25.2,43.7,23.44
59,25.5,43.5,23.44
59,25.3,43.6,23.44
59,26.6,41.7,23.44
59,26.9,41.3,23.5
59,27.3,40.3,23.5
59,27,40.4,23.5
59,26.8,41.1,23.5
59,27.3,40.2,23.56
59,27.3,40.3,23.5
59,27.3,40.1,23.5
59,27.4,39.9,23.56
59,27.4,40.4,23.56
59,27.4,40,23.5
60,0,0,0
59,27,20,23.75
58,28.4,20,23.62
58,28.4,20,23.5
57,28.4,20,23.25
57,28.5,20,23.19
57,28.6,20,23.06
57,28.9,20,22.87
58,29.1,20,22.69
58,29,20,22.62
58,29,20,22.5
58,29.1,20,22.5
59,29.1,20,22.56
59,29,20,22.56
59,28.9,20,22.56
59,29,20,22.69
60,28.9,20,22.75
60,29,20,22.81
60,29,20,22.87
60,29,20,22.94
60,28.7,20,22.94
60,28.8,20,23
61,28.8,20,23.06
61,28.9,20,23.12
61,29,20,23.12
60,29,20,23.25
60,29,24.9,23.44
60,29.1,25.8,23.5
61,29.1,26,23.5
62,29.2,25.8,23.5
62,29.1,29,23.5
62,29,26.9,23.5
62,29,28.5,23.44
62,29,29,23.44
62,28.9,28.8,23.44
64,28.9,27.7,23.44
64,29,28.3,23.38
64,28.8,27.1,23.38
65,29,26.5,23.38
65,28.9,20,23.38
66,28.9,27.4,23.31
66,28.9,27.3,23.38
66,28.9,27.9,23.38
66,28.6,27,23.38
66,28.7,27.1,23.38
66,28.7,26.8,23.44
66,28.8,27.2,23.44
66,28.8,26.7,23.5
66,28.8,27,23.44
66,28.7,26.3,23.5
67,28.7,26.2,23.5
67,28.7,25.8,23.44
67,28.7,26.1,23.44
67,28.7,26.2,23.5
67,28.7,26.4,23.44
67,28.7,25.6,23.5
67,28.7,26,23.56
67,28.7,25.5,23.5
67,28.7,25.9,23.5
67,28.7,25.9,23.5
67,28.7,26.4,23.62
67,28.8,27.2,23.62
67,28.9,27.5,23.56
66,28.9,27.7,23.56
66,28.9,27.4,23.56
67,28.8,27.3,23.62
67,28.6,27.2,23.62
67,28.8,27.9,23.62
67,28.7,27.5,23.62
67,28.7,28.2,23.62
67,28.5,28,23.62
66,28.5,27.8,23.69
66,28.5,27.8,23.69
66,28.6,27.8,23.62
63,28.7,28.1,23.69
61,28.2,27.6,23.69
60,28.1,28.7,23.5
61,28.3,28.6,23.38
61,28.4,28.7,23.25
63,28.4,28.7,23.12
64,28.4,28.8,23
64,28.5,28.8,22.87
64,28.4,29.1,22.69
65,28.4,29.3,22.62
65,28.4,29.5,22.56
65,28.4,29.8,22.44
65,28.5,29.8,22.37
66,28.5,30,22.25
66,28.4,30.3,22.25
66,28.4,30.4,22.19
66,28.4,30.6,22.13
66,28.4,30.5,22.13
66,28.5,30.6,22.06
66,28.4,30.9,22.06
66,28.4,31,22
66,28.4,31.3,22
66,28.4,31.4,22
66,28.4,31.5,21.94
66,28.4,31.6,21.94
66,28.4,31.6,21.87
66,28.4,31.8,21.87
66,28.4,31.9,21.87
66,28.4,32,21.81
66,28.4,32,21.87
66,28.2,32.3,21.87
65,28.1,32.5,21.75
65,28.1,32.6,21.87
65,28.2,32.7,21.81
65,28.2,32.8,21.81
66,28.1,32.8,21.75
66,28.3,32.8,21.75
66,28.2,32.9,21.75
66,28.2,32.9,21.81
66,28.2,32.9,21.75
66,28.2,32.9,21.75
66,28.1,33,21.81
66,28.1,33.1,21.75
66,28.1,33.3,21.75
65,28.1,33.3,21.75
65,28.1,33.3,21.75
66,28.1,33.4,21.75
65,28,33.5,21.69
65,28,33.6,21.69
66,28.1,33.7,21.69
65,28,33.7,21.75
66,28.1,33.9,21.69
66,28,33.9,21.69
66,28.1,34,21.69
66,28,34.1,21.75
66,28,34.2,21.75
66,28,34.3,21.75
66,27.9,34.5,21.75
66,28,34.4,21.62
65,27.9,34.6,21.69
65,27.9,34.7,21.69
65,27.9,34.8,21.69
65,27.9,34.9,21.62
65,27.9,35,21.69
65,27.9,34.9,21.69
65,28,34.8,21.69
65,27.8,34.7,21.69
65,27.8,34.6,21.69
65,27.8,34.6,21.62
65,27.8,34.6,21.69
65,27.8,34.7,21.62
65,27.8,34.7,21.69
65,27.8,34.8,21.62
65,27.8,34.8,21.62
64,27.9,34.7,21.62
64,27.8,34.8,21.62
64,27.8,34.8,21.62
64,27.7,35,21.69
64,27.7,35.1,21.69
64,27.7,35.1,21.62
64,27.7,35.1,21.62
64,27.6,35,21.62
64,27.6,34.9,21.69
64,27.6,34.8,21.69
64,27.6,34.8,21.62
63,27.6,34.8,21.62
63,27.5,34.7,21.62
63,27.5,34.7,21.62
63,27.6,34.5,21.56
63,27.4,34.6,21.62
63,27.5,34.5,21.62
63,27.4,34.5,21.62
63,27.5,34.4,21.56
63,27.5,34.4,21.56
63,27.4,34.6,21.62
63,27.5,34.6,21.62
62,27.5,34.5,21.56
62,27.4,34.7,21.62
62,27.5,34.6,21.56
62,27.4,34.7,21.56
62,27.5,34.5,21.56
62,27.4,34.7,21.62
62,27.5,34.4,21.56
61,27.4,34.5,21.62
61,27.4,34.4,21.62
61,27.4,34.5,21.62
61,27.5,34.6,21.62
61,27.4,34.7,21.56
61,27.4,34.7,21.62
61,27.4,34.9,21.62
61,27.4,36.5,21.56
61,27.5,37.4,21.62
61,27.4,37.1,21.75
61,27.5,36.8,21.87
61,27.5,36.6,21.94
60,27.5,36.5,22
60,27.5,36.5,22.13
60,27.6,36.6,22.19
60,27.2,37,22.13
60,27.2,35.7,22.06
60,27.2,34.6,21.94
60,27.2,34.4,21.87
60,27.6,33.8,21.87
60,27.6,34,21.94
60,27.6,33.3,21.94
60,27.7,32.7,22.06
60,27.8,31.7,22.13
60,28,31.2,22.25
60,28,31.6,22.31
60,28,32.1,22.37
60,28.1,32.8,22.44
60,28,33.1,22.5
60,28.1,33.1,22.56
60,28.2,33.3,22.62
60,28.4,34.1,22.62
60,28.3,35.3,22.75
60,28.3,35.5,22.81
60,28.4,35.7,22.81
60,28.4,36.4,22.94
60,28.4,36.4,23
60,28.4,36.1,23.06
59,28.4,36.1,23.06
59,28.5,36.8,23.12
60,28.5,36.4,23.19
60,28.6,36.5,23.19
60,28.5,37.9,23.25
60,28.6,37.9,23.31
60,28.5,37.3,23.38
60,28.5,37.6,23.38
60,28.5,37.3,23.38
60,28.5,37.6,23.44
60,28.6,37.5,23.5
60,28.7,37.6,23.56
60,28.7,38.4,23.62
60,28.8,38,23.5
59,28.7,38.3,23.56
59,28.7,38.9,23.69
60,28.8,39.1,23.75
60,28.6,39.1,23.75
60,28.6,39.3,23.81
60,28.7,39.4,23.87
60,28.7,39.6,23.87
60,28.7,39.9,23.87
60,28.8,39.6,23.94
61,28.8,40,23.94
61,28.9,40.1,24
60,29,40.2,24.06
60,29.1,39.9,24.06
60,28.9,39.8,24.06
60,28.9,40,24.12
60,28.9,40.2,24.19
60,28.9,39.8,24.19
60,28.9,39.8,24.19
60,29.1,39.5,24.19
60,29,39.3,24.19
60,29,39.2,24.25
60,29.1,39.1,24.31
60,29.1,39.2,24.31
60,29.2,39,24.31
60,29,39.4,24.31
60,29.2,39.1,24.37
60,29.2,38,24.37
60,29.2,37.6,24.44
60,29.1,37.4,24.44
60,29.3,36.7,24.44
60,29.3,36.8,24.5
60,29.3,36.7,24.5
61,29.2,36.9,24.5
61,29.2,36.9,24.56
61,29.1,37,24.56
61,29.1,36.7,24.56
60,29.3,36.4,24.69
60,29.3,36.5,24.63
61,29.4,36.6,24.63
61,29.4,36.6,24.69
61,29.3,36.9,24.69
62,29.1,36.8,24.63
62,29.3,36.7,24.75
62,29.4,36.7,24.75
62,29.4,36.7,24.75
62,29.5,36.7,24.81
62,29.5,36.6,24.75
63,29.4,36.5,24.81
63,29.4,36.6,24.81
63,29.4,36.3,24.87
63,29.4,36.4,24.94
63,29.4,36.5,24.94
63,29.5,36.1,24.87
63,29.5,36,24.94
63,29.5,36.4,24.94
63,29.5,36.2,24.94
63,29.6,36.3,25
63,29.6,36.3,25
63,29.6,35.9,24.94
63,29.6,35.7,24.94
63,29.6,36.1,25.06
63,29.6,36,25.06
63,29.6,36.2,25.06
63,29.6,36.3,25.06
63,29.8,35.8,25.06
63,29.7,36.3,25.06
63,29.6,37.4,25.12
63,29.6,37.7,25.12
63,29.6,37.5,25.19
63,29.6,37.7,25.12
63,29.8,37.7,25.19
63,29.7,38.1,25.25
63,29.7,37.8,25.19
63,29.7,37.9,25.25
63,29.7,38.1,25.31
63,29.8,38,25.25
63,29.8,37.9,25.31
63,29.8,37.7,25.25
63,29.8,38,25.31
63,29.8,38.2,25.37
63,29.9,38.3,25.37
63,29.9,38.5,25.37
63,29.8,38.2,25.37
62,29.9,38.4,25.44
62,29.9,38.5,25.37
63,29.6,38.8,25.37
63,29.6,38.7,25.37
63,29.6,38.6,25.44
63,29.6,38.8,25.44
63,29.6,38.7,25.37
63,29.7,38.7,25.44
63,29.7,38.6,25.44
63,29.7,38.4,25.5
63,29.9,38.4,25.5
63,29.9,38.2,25.56
63,29.9,38.4,25.56
63,29.8,38.5,25.62
63,29.8,37.9,25.56
63,29.8,38.3,25.56
63,29.8,38,25.56
63,29.8,39.2,25.56
62,29.8,39.2,25.62
62,29.8,39.4,25.62
63,29.8,38.8,25.69
63,29.7,41.2,25.62
63,29.8,40.1,25.69
63,29.8,41.6,25.69
63,29.8,42.1,25.69
62,29.8,42.1,25.75
62,29.7,42.2,25.69
61,29.3,41.9,25.5
61,29.4,41.4,25.31
61,29.3,40.8,25.12
60,29.2,40.3,24.94
60,29.3,40.1,24.75
60,29.2,40.2,24.63
60,29.1,40.3,24.5
61,29.1,40.1,24.31
61,29.1,39.9,24.25
61,29.1,39.8,24.12
61,29,39.8,24.06
61,29,39.8,24
62,29.2,39.5,23.94
62,29.4,39.2,23.94
62,29.4,39.1,23.87
61,29.5,38.8,23.81
61,29.4,38.8,23.87
61,29.4,38.8,23.81
61,29.4,38.8,23.87
61,29.2,39.1,23.81
61,29.4,38.9,23.81
61,29.5,38.7,23.75
61,29.4,38.9,23.75
61,29.4,39.1,23.75
61,29.5,38.9,23.69
61,29.7,39.1,23.81
61,29.7,39,23.75
61,29.7,39.1,23.81
61,29.7,39.2,23.81
61,29.5,40,23.87
61,29.4,40.3,23.87
61,29.5,40.3,23.87
61,29.4,40.6,23.94
60,29.2,41.1,23.94
60,29.4,40.8,24
60,29.4,40.8,24
60,29.4,40.9,24.06
60,29.3,41.1,24.06
60,29.3,41.2,24.06
60,29.3,41.2,24.06
60,29.3,41.1,24.06
60,29.3,41.1,24.06
60,29.2,41.3,24.12
60,29.2,41.3,24.06
60,29.2,41.4,24.06
60,29.2,41.4,24.06
60,29.2,41.3,24.06
60,29.2,41.4,24.06
60,29.2,41.3,24.06
60,29.1,41.5,24.06
60,29.1,41.4,24.06
60,29.1,41.4,24
60,29.1,41.5,24.06
60,29.1,41.4,24.12
60,29.1,41.3,24.06
60,29.3,41.2,24.06
60,29.1,41.5,24.06
60,29.1,41.6,24.06
60,29.1,41.7,24.12
60,29.1,41.8,24.12
60,29,41.9,24.06
60,29.1,41.9,24.12
60,29,42.1,24.06
60,28.9,42.3,24.06
60,28.9,42.3,24.12
60,28.9,42.3,24.12
60,28.8,42.3,24.12
60,28.9,42.3,24.12
60,28.8,42.3,24.12
60,28.7,42.6,24.12
61,28.8,42.4,24.12
60,28.9,42.4,24.12
61,28.9,42.4,24.12
61,28.9,42.4,24.12
61,28.9,42.4,24.19
61,28.9,42.3,24.12
61,28.8,42.4,24.12
61,28.8,42.6,24.19
61,28.8,42.6,24.06
60,28.8,42.7,24.12
61,28.8,42.8,24.19
61,28.9,42.7,24.12
60,29,42.6,24.19
60,29,42.7,24.19
60,29,42.8,24.19
60,29,42.9,24.19
60,29,43,24.19
60,29.1,43,24.19
60,29,43,24.25
60,29.1,43,24.25
60,29,43,24.25
60,29,43.1,24.25
60,29,43,24.25
60,29,43,24.25
60,29,42.9,24.25
60,29,42.8,24.25
60,29,42.8,24.19
60,28.9,43,24.31
60,28.9,43.1,24.25
60,28.9,43.1,24.31
60,28.9,43.2,24.31
60,28.9,43.3,24.25
60,28.9,43.5,24.31
60,28.9,43.6,24.37
60,28.9,43.6,24.31
60,28.9,43.5,24.37
60,28.9,43.4,24.31
60,28.9,43.4,24.37
60,28.9,43.4,24.37
60,28.8,43.5,24.31
60,28.9,43.5,24.37
60,28.8,43.6,24.37
60,28.9,43.5,24.31
60,28.9,43.5,24.37
60,28.8,43.5,24.31
60,28.7,43.6,24.37
60,28.7,43.7,24.37
60,28.8,43.4,24.44
60,28.7,43.5,24.37
60,28.6,43.9,24.44
60,28.4,44.4,24.44
60,28.7,44.5,24.37
60,28.6,44.2,24.44
60,28.4,44,24.44
60,28.4,43.9,24.37
60,28.2,44.2,24.44
60,28.2,44.2,24.44
60,28.4,44.3,24.44
60,28.6,44.2,24.37
60,28.7,44.1,24.31
60,28.7,44.2,24.44
60,28.8,44.1,24.37
60,28.8,44,24.37
60,28.8,43.9,24.37
60,28.8,44,24.37
60,28.8,43.7,24.44
60,28.7,43.8,24.37
60,28.7,44,24.37
60,28.7,43.8,24.37
60,28.7,43.6,24.37
60,28.7,43.5,24.37
60,28.9,43.2,24.44
60,28.9,43.4,24.44
60,28.7,44.1,24.44
60,28.7,43.9,24.37
60,28.8,43.5,24.37
60,28.9,43.4,24.5
60,29,43.3,24.44
60,28.9,43.6,24.5
64,28.9,43.4,24.5
61,29,43.3,24.44
60,29,43.5,24.37
60,28.8,43.7,24.31
60,28.6,44,24.19
60,28.6,43.5,24.19
60,28.7,43.7,24.12
60,28.7,44.4,24.06
60,29,43.3,24.06
60,29.3,42,24.12
60,29.4,42.1,24.19
59,29.3,42.4,24.31
59,29.4,41.2,24.37
59,29.5,41.6,24.44
59,29.6,41.1,24.5
59,29.6,40.4,24.56
59,29.4,40.7,24.63
60,29.4,40.8,24.63
60,29.6,40.7,24.75
60,29.6,40.7,24.75
60,29.6,41.2,24.81
60,29.6,40.8,24.81
60,29.6,40.6,24.87
60,29.6,40.6,24.94
60,29.6,40.4,24.94
60,29.5,40.7,25
60,29.5,40.6,24.94
60,29.5,40.4,25
60,29.5,40.3,25.06
60,29.5,40.3,25.06
60,29.7,40.6,25.12
60,29.6,40.1,25.12
60,29.7,40.5,25.12
61,29.5,39.8,25.12
61,29.6,39.9,25.19
61,29.7,39.8,25.12
61,29.7,40.1,25.19
61,29.7,39.9,25.19
61,29.7,39.5,25.19
61,29.7,39.4,25.25
61,29.7,39.5,25.25
61,29.7,39.5,25.31
61,29.7,39.1,25.25
61,29.7,39.2,25.25
61,29.7,39.1,25.31
61,29.8,39.2,25.31
61,29.7,39.1,25.31
61,29.8,39.1,25.31
61,29.8,39,25.31
61,29.8,38.5,25.31
61,29.7,38.6,25.37
61,29.7,38.8,25.31
61,29.7,38.6,25.37
61,29.9,39,25.37
61,29.8,39.2,25.37
61,29.8,38.5,25.37
61,29.9,38.8,25.44
61,29.8,38.5,25.44
61,29.9,37.9,25.44
61,29.9,38,25.37
61,29.9,37.7,25.44
61,29.9,37.7,25.44
61,29.9,37.6,25.44
61,29.9,37.7,25.44
61,30,37.8,25.37
61,30,37.3,25.44
61,30,37.4,25.44
61,30,37.3,25.44
61,30,37.3,25.5
61,30,37,25.5
61,30.1,37.6,25.5
61,30,37.2,25.5
61,30.2,37,25.5
61,30,36.7,25.56
61,29.9,36.8,25.56
61,30,37,25.56
61,30.1,36.9,25.56
61,30.1,36.7,25.62
61,30,36.8,25.62
61,30.2,36.8,25.56
61,30.4,36.3,25.56
61,30.4,36.5,25.56
61,30.2,36.9,25.56
61,30.1,37,25.56
61,30.2,37,25.62
61,30.3,36.9,25.56
61,30.3,36.8,25.62
61,30.2,37,25.62
61,30.2,36.9,25.62
61,30.3,36.8,25.62
62,30.3,36.6,25.69
62,30.3,36.8,25.62
62,30.3,36.6,25.62
62,30.3,36.5,25.69
62,30.2,37,25.69
62,30.2,36.7,25.69
62,30.2,36.6,25.75
62,30.2,36.4,25.69
62,30.3,36.1,25.75
61,30.5,36,25.81
61,30.5,35.8,25.75
61,30.2,37.5,25.56
61,30,37.9,25.44
61,30.2,37.6,25.25
61,30.3,37.8,25.12
60,30.2,37.7,25.06
60,30.2,37.6,24.94
60,30.3,37.4,24.87
60,30.2,38.5,24.81
60,30.1,39,24.75
60,30.2,40.1,24.75
60,30.5,39.7,24.69
60,30.3,40.1,24.69
60,30.1,40.1,24.63
60,30.2,39.4,24.69
61,30.5,39.4,24.69
61,30.6,39,24.81
61,30.6,38.8,24.94
61,30.5,38.8,25
61,30.5,38.4,25.06
61,30.5,38.7,25.12
61,30.5,38.7,25.25
60,30.4,38.8,25.31
60,30.4,38.6,25.31
60,30.1,38.8,25.19
60,30.2,38.9,25.19
60,30.2,38.9,25.12
60,30.2,39,25
60,30.3,38.8,24.94
60,30.2,39.4,24.87
60,30,39.5,24.81
59,30.1,39.3,24.75
59,30.1,39.4,24.69
59,30.1,39.5,24.69
59,30.2,39.3,24.63
59,30.2,39.5,24.56
59,30.1,39.6,24.5
59,30.1,39.7,24.5
59,30.1,40.2,24.5
59,29.9,40.1,24.56
59,29.9,40.2,24.5
59,30,40.3,24.44
59,30,40.4,24.5
59,30.1,40.1,24.44
59,30.2,39.8,24.5
59,30.2,39.9,24.44
59,30,39.7,24.5
59,30,39.5,24.37
59,30,39.4,24.44
59,30,39.5,24.44
59,30,39.4,24.37
59,30,39.4,24.37
58,30,39.3,24.37
58,30,39.2,24.37
58,30.2,39.1,24.37
58,30.3,39.6,24.44
58,30.5,39.9,24.44
58,30.5,40.3,24.5
59,30.4,40.3,24.44
58,30.1,40.1,24.44
58,30.2,39.9,24.37
58,30.1,40,24.37
58,30.1,40.2,24.44
58,30,40.4,24.44
58,30.1,40.4,24.44
58,30.1,40.5,24.5
58,30.4,40.2,24.44
58,30.2,40.3,24.5
59,30.2,40.3,24.44
59,30.3,40,24.44
59,30.2,40,24.44
59,30.2,40.1,24.5
59,30.2,40.1,24.5
59,30.4,40.1,24.5
59,30.1,40.2,24.5
59,30.2,40.2,24.56
59,30.1,40.2,24.5
59,30.1,40.3,24.5
58,30.2,40.3,24.5
58,30.1,40.3,24.5
58,30.1,40.3,24.56
58,30.1,40.1,24.56
58,30.3,39.9,24.5
58,30.3,39.7,24.56
58,30.3,39.7,24.56
58,30.4,39.7,24.56
58,30.2,39.8,24.56
58,30.2,39.8,24.56
58,30.2,39.9,24.5
58,30.2,39.9,24.56
58,30.2,39.9,24.56
58,30.2,40.1,24.56
58,30.3,39.9,24.56
58,30.2,40.3,24.56
58,30,40.3,24.63
58,29.9,40.5,24.56
58,30,40.4,24.56
58,30.2,40.4,24.63
58,30,40.5,24.63
58,30,40.5,24.63
58,30,40.6,24.63
58,30,40.6,24.56
58,30,40.7,24.56
58,30,40.8,24.63
58,30,40.6,24.69
58,30,40.5,24.63
58,30,40.5,24.63
58,30,40.5,24.63
58,30,40.4,24.63
58,30,40.5,24.63
58,30,40.5,24.63
58,30,40.6,24.63
58,29.9,40.9,24.63
58,29.9,41,24.69
58,29.9,41.2,24.63
58,29.8,41.4,24.63
58,29.8,41.6,24.63
58,29.9,41.7,24.63
58,29.8,41.8,24.63
58,29.7,41.9,24.63
58,29.6,42.2,24.69
58,29.6,42.3,24.69
58,29.7,42.3,24.69
58,29.7,42.3,24.75
58,29.8,42.4,24.75
58,29.8,42.4,24.75
58,29.8,42.3,24.69
58,29.9,42.3,24.69
58,29.8,42.3,24.75
58,29.8,42.4,24.75
58,29.7,42.7,24.75
58,29.7,42.8,24.75
58,29.7,43,24.75
58,29.7,43.1,24.81
58,29.7,43.2,24.81
58,29.6,43.4,24.87
58,29.5,43.5,24.87
58,29.5,43.7,24.87
58,29.6,43.9,24.81
58,29.6,44.1,24.81
58,29.6,44.2,24.81
58,29.5,44.2,24.87
58,29.5,44.1,24.87
58,29.6,44.1,24.87
58,29.6,44.2,24.94
57,29.3,44.3,24.87
58,29.2,44.3,24.87
57,29.2,44.2,24.87
57,29.2,44.4,24.87
58,29.2,44.5,24.94
57,29.4,45.1,24.87
57,29.6,44.7,24.87
57,29.6,44.7,24.94
57,29.4,45.3,24.94
57,29.3,45.4,24.87
57,29.1,45.8,24.87
57,29.5,45.3,24.94
57,29.2,46,24.94
56,29.1,46.1,25
56,29.4,46.1,25
56,29.3,45.6,25
56,29.4,45.6,25.06
56,29.5,45.6,25
56,29.5,45.7,25
56,29.5,45.6,25.06
56,29.3,45.9,25.06
56,29.2,46.1,25.06
56,29.2,46.3,25
56,29.3,46.1,25.06
56,29.2,46.5,25.12
56,29.4,46.5,25.06
57,29.3,47.1,25.06
56,29.2,48.1,25.06
56,29.4,47.5,25.12
56,29.5,47.2,25.12
56,29.4,46.9,25.12
56,29.4,46.8,25.12
56,29.5,46.5,25.06
56,29.5,46.3,25.12
56,29.5,46.3,25.06
56,29.4,46.2,25.12
57,29.1,46.3,25.12
57,29.2,46.8,25.12
57,29.5,45.1,25.19
57,29.7,43.9,25.25
57,29.6,44.7,25.31
56,29.5,45.2,25.37
56,29.6,45.3,25.44
56,29.6,44.8,25.5
56,29.6,44.6,25.56
56,29.7,44.6,25.62
56,29.9,44.3,25.69
56,29.9,44.5,25.69
56,30,44.7,25.75
56,29.7,45.2,25.81
56,29.9,45.4,25.81
56,30,44.8,25.88
56,30.1,44.6,25.88
56,30,44.5,25.94
56,30.1,44.4,26
56,30.1,44.8,26
56,30.2,44.3,26.06
56,30.3,44.5,26.06
56,30,44.2,26.06
56,30.2,44.1,26.06
56,30.2,43.7,26.12
56,30.2,43.3,26.19
56,30.2,42.8,26.12
55,30.3,42.2,26.12
55,30.4,41.8,26.12
56,30.3,41.2,26.19
55,30.5,41.1,26.19
55,30.5,40.7,26.19
55,30.5,40.6,26.19
55,30.5,40.7,26.19
55,30.5,40.6,26.19
55,30.5,40.7,26.25
55,30.5,40.6,26.25
55,30.5,40.6,26.25
55,30.5,40.9,26.25
55,30.5,40.7,26.25
55,30.6,40.7,26.31
55,30.5,40.9,26.25
55,30.5,40.8,26.31
55,30.7,40.2,26.31
55,30.6,40.3,26.44
55,30.6,40.2,26.31
54,30.5,40.3,26.37
54,30.6,40.2,26.37
54,30.5,40.4,26.37
54,30.5,40.5,26.37
55,30.6,40.3,26.37
54,30.6,40.3,26.37
55,30.7,39.9,26.37
55,30.8,39.9,26.37
55,30.6,39.8,26.44
55,30.7,39.8,26.44
55,30.8,39.7,26.44
55,30.9,39.6,26.44
55,30.9,39.3,26.44
55,30.9,39.8,26.37
55,30.9,39.3,26.5
55,30.9,38.8,26.5
55,30.9,38.8,26.5
55,30.9,39.2,26.5
55,30.9,39.3,26.5
55,30.9,39,26.56
55,31,38.3,26.5
55,31,38,26.62
55,31,38.1,26.5
55,30.9,38.1,26.56
55,30.8,38.2,26.56
55,31,37.7,26.56
55,31,37.7,26.62
55,31.1,38.1,26.62
55,30.8,38.3,26.62
55,30.9,38.1,26.62
55,31.2,37.8,26.69
55,31.3,37.6,26.69
55,31.3,37.7,26.69
55,31.3,37.7,26.69
55,31.3,37.4,26.69
55,31.2,37,26.69
55,31.3,36.8,26.62
55,31,37.7,26.56
55,31.1,37.8,26.5
55,31,38.6,26.44
55,31,38.2,26.31
56,31.1,37.3,26.25
56,31.2,36.8,26.19
56,31.4,36.7,26.12
56,31.3,36.4,26.06
56,31.3,36.1,26.06
56,31,36.1,26
55,31.2,36.6,25.94
56,31.1,36.4,25.94
56,31.3,35.4,25.94
56,31.3,35.9,26
56,31.4,35.7,25.94
56,31.4,35.5,26
56,31.4,35.7,26
56,31.3,36,26
56,31.2,36,26.06
56,31.2,35.6,26.06
56,31.3,35.7,26.06
56,31.3,35.9,26.06
56,31.3,36,26.06
56,31.4,36.1,26.12
56,31.1,36.5,26.12
56,31,36.8,26.12
56,31.1,37.1,26.19
56,31.2,37,26.19
52,31.2,36.9,26.25
52,31.2,36.7,26.25
52,31.2,36.6,26.19
52,31,35.6,26.19
52,30.9,32.3,26.19
52,30.8,32,26.19
53,30.8,31.1,26.12
52,30.7,31.3,26.12
52,30.6,32.2,26.12
52,30.7,32.8,26.19
52,30.9,32.9,26.12
52,30.9,32.7,26.19
52,30.8,32.6,26.19
52,30.9,32.7,26.19
52,30.9,33,26.19
52,31,33,26.19
52,30.9,33.1,26.19
52,30.9,32.8,26.12
53,30.9,32.9,26.19
53,31.1,33.3,26.19
53,30.9,33.7,26.19
53,30.8,34.5,26.19
53,30.7,35.5,26.19
53,30.6,36.1,26.12
53,30.7,36.6,26.12
53,30.5,37.4,26.12
53,30.5,38,26.19
53,30.6,38.5,26.19
53,30.5,38.8,26.19
53,30.6,39.1,26.25
53,30.6,39.3,26.19
53,30.6,39.3,26.25
53,31,38.7,26.25
53,30.9,38.6,26.31
53,31.2,38.1,26.44
53,30.8,38.1,26.5
53,30.9,37.7,26.62
53,31.1,37.1,26.69
53,31.1,37.2,26.75
53,31.1,37.5,26.75
53,31.2,36.8,26.81
53,31,37.5,26.87
52,31,37.5,26.94
53,30.9,37.5,26.94
52,30.9,37.7,27
52,31,38,27
52,31.1,38.8,27.06
52,30.9,38.1,27.06
52,31,37.7,27.13
52,31,37.3,27.13
52,30.9,37.7,27.13
52,30.8,37.5,27.13
52,30.4,36.6,27.13
52,30.4,37.7,27.13
52,30.7,38,27
52,30.8,37.9,26.94
52,30.9,37.9,26.81
52,30.9,38,26.75
52,30.9,37.9,26.69
52,31,37.9,26.69
52,31,37.8,26.56
52,31,37.8,26.5
52,30.9,37.8,26.5
52,30.9,37.8,26.5
52,30.9,37.7,26.5
52,30.9,37.7,26.5
51,30.9,37.7,26.5
52,30.9,37.8,26.5
51,30.9,37.8,26.44
52,30.8,37.8,26.44
52,30.9,37.7,26.44
51,30.9,37.7,26.44
51,30.9,37.6,26.44
51,31,37.4,26.44
51,30.9,37.4,26.44
51,30.9,37.3,26.44
51,30.9,37.3,26.44
51,30.9,37.3,26.44
51,30.9,37.4,26.44
51,30.8,37.5,26.5
51,30.8,37.6,26.5
51,30.8,37.6,26.5
51,30.8,37.6,26.5
51,30.8,37.7,26.5
51,30.8,37.8,26.5
51,30.7,38,26.44
51,30.8,38,26.5
51,30.7,38.3,26.44
51,30.5,38.4,26.5
51,30.5,38.4,26.56
51,30.5,38.5,26.5
51,30.7,38.5,26.56
51,30.7,38.7,26.5
51,30.7,38.8,26.5
51,30.6,39,26.5
50,30.6,39.1,26.5
50,30.7,39.3,26.5
50,30.7,39.6,26.56
50,30.7,39.8,26.56
50,30.7,40,26.56
50,30.5,40.3,26.62
50,30.5,40.6,26.56
50,30.6,40.7,26.62
50,30.6,41,26.62
50,30.6,41.2,26.62
50,30.6,41.5,26.69
50,30.6,41.7,26.69
50,30.5,41.7,26.62
49,30.5,41.8,26.69
50,30.5,42,26.69
50,30.5,42.1,26.62
49,30.5,42.3,26.69
49,30.6,42.4,26.69
49,30.5,42.4,26.69
49,30.5,42.4,26.69
49,30.5,42.4,26.69
49,30.5,42.5,26.69
49,30.5,42.5,26.69
49,30.5,42.6,26.69
49,30.4,42.7,26.69
49,30.5,42.7,26.69
49,30.4,42.8,26.69
49,30.4,42.8,26.69
49,30.4,42.8,26.75
49,30.4,42.8,26.69
49,30.4,42.9,26.75
48,30.4,42.9,26.69
48,30.4,43.1,26.69
48,30.2,43.3,26.69
48,30.2,43.4,26.69
48,30.3,43.3,26.69
48,30.3,43.2,26.69
48,30.3,43.1,26.69
48,30.2,43.2,26.62
48,30.1,43.2,26.69
48,30.1,43.2,26.62
48,30.1,43.3,26.62
48,30.1,43.3,26.69
48,30.2,43.6,26.69
48,30.2,43.7,26.62
47,30.2,43.8,26.69
47,30.2,43.9,26.62
47,30.1,44.1,26.62
47,30,44.4,26.62
47,30,44.5,26.62
47,29.8,44.7,26.62
47,29.8,45.2,26.62
47,29.9,45.3,26.62
47,30,45.6,26.62
47,30,45.6,26.62
47,30.2,45.3,26.62
47,30.2,45.2,26.62
46,29.9,45.8,26.62
46,29.7,46.3,26.62
47,29.7,46.2,26.62
47,29.8,46,26.62
47,29.9,45.9,26.62
47,29.8,46,26.62
54,29.9,46,26.62
54,29.8,46.1,26.37
54,29.9,46.2,26.19
54,29.9,46.1,26
55,30,45.8,25.94
55,29.8,46.1,25.75
56,29.6,46.7,25.62
56,29.6,46.7,25.56
56,29.5,46.8,25.44
56,29.6,47,25.31
57,29.6,47.2,25.31
57,29.4,47.7,25.19
57,29.6,47.7,25.12
57,29.6,47.9,25.06
57,29.6,47.7,24.94
57,29.6,47.5,24.94
57,29.7,46.9,24.94
57,29.7,46.5,24.87
57,29.6,46.2,24.87
57,29.7,45.5,24.81
57,29.7,44.6,24.75
57,29.8,44.2,24.75
57,29.6,43,24.63
57,29.7,43.2,24.63
54,29.8,43.5,24.56
53,29.9,42.8,24.69
54,30,41.7,24.69
54,30,39.5,24.75
54,29.9,38.4,24.75
54,30.1,37.7,24.81
54,30.4,38.2,24.81
54,30.5,37.4,24.87
54,30.4,36.4,25
54,30.2,35.7,24.94
55,30.4,35.9,25.06
55,30.5,35,25.06
55,30.5,34.7,25.12
55,30.7,35.4,25.19
55,30.7,34.8,25.19
55,30.8,35,25.25
55,30.7,34.5,25.31
55,30.8,34.7,25.31
56,30.9,34.9,25.37
56,31,34.4,25.44
57,31,33.7,25.5
58,31,34.3,25.5
58,31,33.9,25.56
58,30.9,33.8,25.56
58,31,32.9,25.62
58,31.2,32.6,25.62
58,31.3,32.9,25.62
58,31.3,33,25.69
58,31.3,32,25.69
58,31.4,32.3,25.69
58,31.3,32.4,25.75
58,31.3,31.8,25.81
58,31.3,32,25.81
59,31.4,31.8,25.81
58,31.3,32.2,25.81
59,31.5,30.9,25.88
59,31.3,31,25.88
59,31.3,31,25.88
59,31.3,30.8,25.94
59,31.3,30.7,25.94
59,31.4,29.6,26
59,31.6,29.2,26
59,31.5,29.3,26.06
59,31.5,30.2,26.06
59,31.5,29.9,26.06
59,31.5,29.8,26.06
59,31.6,29.3,26.06
59,31.7,27.6,26.12
59,31.4,28.1,26.12
59,31.5,28.2,26.12
59,31.6,28.2,26.12
60,31.7,26.8,26.12
60,31.6,26.3,26.19
60,31.5,25.7,26.12
60,31.6,25.8,26.19
60,31.7,25.9,26.19
60,31.8,25,26.25
60,31.7,20,26.25
60,31.7,23.8,26.25
60,31.4,24.2,26.19
60,31.6,20,26.25
60,31.7,20,26.19
59,31.8,24.1,26.25
60,31.8,23.8,26.25
60,31.8,20,26.19
59,31.9,20,26.25
59,31.9,20,26.25
59,32,20,26.12
59,32.1,20,26
59,32,20,25.75
59,32,20,25.56
59,32.2,20,25.37
59,32,20,25.25
60,32.2,20,25.25
60,32,20,25.25
60,31.9,20,25.31
60,32,20,25.37
59,32.3,20,25.25
59,32.2,20,25.12
59,32.1,20,25
59,32,20,24.87
59,32,20,24.75
59,31.8,20,24.75
59,32.1,20,24.63
59,32.2,20,24.56
59,32,20,24.5
58,32.1,20,24.44
58,32.1,20,24.44
58,32.2,20,24.44
58,32.2,20,24.44
58,32.2,20,24.37
58,32.1,20,24.44
58,32.1,20,24.37
58,32,20,24.37
58,31.7,20,24.37
57,31.8,20,24.37
57,31.7,20,24.44
57,31.9,20,24.44
57,31.9,20,24.44
57,31.9,20,24.44
57,32,20,24.37
57,31.9,20,24.44
56,31.7,20,24.37
56,31.7,20,24.44
56,31.8,20,24.44
56,32,20,24.44
56,31.8,20,24.37
56,31.7,20,24.44
55,31.7,20,24.37
55,31.7,20,24.37
55,31.7,20,24.37
55,31.7,20,24.44
55,31.7,20,24.44
55,31.6,20,24.44
55,31.7,20,24.44
55,31.8,20,24.5
55,31.9,20,24.5
54,31.9,23.6,24.5
54,31.9,24,24.56
54,31.9,24.4,24.56
54,31.8,25.6,24.56
54,31.8,26.6,24.56
54,31.9,27.1,24.63
54,31.5,28.4,24.56
54,31.6,29,24.69
53,31.6,28.8,24.75
53,31.7,28.4,24.75
53,31.5,29.1,24.75
53,31.7,29.6,24.75
53,31.6,30.4,24.75
53,31.6,31.1,24.87
53,31.7,31.7,24.81
52,31.7,32.3,24.87
52,31.5,32.6,24.94
52,31.6,33,24.94
52,31.6,33.5,24.94
52,31.7,33.8,25
52,31.5,34.3,25
52,31.6,35,25.06
52,31.7,35.4,25.12
52,31.8,35.5,25.19
52,31.8,35.7,25.19
52,31.8,35.9,25.25
52,31.6,36.6,25.25
52,31.6,36.8,25.37
52,31.6,36.8,25.37
52,31.8,36.3,25.44
52,31.8,36.6,25.56
52,31.8,36.7,25.69
52,31.8,36.4,25.81
52,31.8,36.4,25.94
52,31.7,36.3,26.06
52,31.7,36.4,26.12
52,31.7,36.4,26.19
52,31.6,36.2,26.31
52,31.5,35.9,26.37
52,31.7,36,26.44
53,31.5,35.9,26.5
53,31.4,36,26.62
53,31.4,36,26.69
53,31.4,35.9,26.69
52,31.4,35.9,26.75
53,31.5,35.8,26.81
53,31.6,36.1,26.81
53,31.4,36.8,26.87
53,31.5,36.9,26.87
52,31.4,36.9,26.87